	balanced_accuracy	accuracy_score	precision	recall	mcc	AUC	logloss	average_precision	dataset
0	0.911305976213312	0.9289613633616696	0.9608126842268194	0.9451653051226714	0.8087219563951022	0.9798451333367997	0.15323167771019516	0.9939479028803654	training
1	0.9080473494410566	0.9271477272727273	0.9607045457969835	0.9437126280267598	0.8003413302108405	0.9769984619035994	0.16199978454253164	0.9932156696975958	test
2	0.8947368421052632	0.8787878787878788	0.7777777777777778	1.0	0.7836039099693788	0.9849624060150376	0.40158486309361086	0.9841269841269841	val
