	Gini-importance	mcc	balanced_accuracy
ignore	0.0	0.0	0.5
bootstrap_support	2038.4325134495193	0.7714421115731716	0.8599067599067599
