	Gini-importance	mcc	balanced_accuracy
bootstrap_support	149263.9315499998	0.7871090766064559	0.7871090766064559
