	Gini-importance	mcc	balanced_accuracy
feature_standard_ete_support	146507.0868192201	0.4863687846651746	0.4863687846651746
