	Gini-importance	mcc	balanced_accuracy
bootstrap_support	146507.0868192201	0.4863687846651746	0.4863687846651746
