	Gini-importance	mcc	balanced_accuracy
feature_aBayes_iqtree_support	45304.322135385504	0.4573231838021691	0.4573231838021691
