	Gini-importance	mcc	balanced_accuracy
bootstrap_support	184550.03845413242	0.7681336880620309	0.7681336880620309
