,balanced_accuracy_score,accuracy_score,precision,recall,mcc,AUC,logloss,average_precision,type
0,0.9098235520804117,0.9283516008854813,0.9575673908304876,0.9466312311449504,0.8104769248945037,0.9770218093606916,0.16617088473116398,0.9923237371073783,features_based_analysis
0,0.91530226382574,0.9303493331893526,0.9614934970042379,0.9451946559402384,0.8170343329546852,0.9787685882882606,0.1600174947833393,0.9931476652587143,bootstrap_support including bootstrap
1,0.6261871775963989,0.8143188812699098,0.8019471167693991,0.9999281712397644,0.44963729478212006,0.9700900216310928,0.20538166042062447,0.9891409919818981,bootstrap_support using raw bootstrap values
2,0.886221502341549,0.921764483559203,0.9401510339473499,0.9568309150984055,0.7871090766064559,0.9696458047146717,0.18806600833675807,0.9889883705668872,bootstrap_support using single bootstrap feature
