	balanced_accuracy	accuracy_score	precision	recall	mcc	AUC	logloss	average_precision	dataset
0	0.9155343839820032	0.9358441597036142	0.95991605594516	0.9550967775719531	0.8267339882101192	0.9844802932258357	0.13484224298536898	0.9950817439537332	training
1	0.9119164669173814	0.9334243058526939	0.9583020227889644	0.9536367243536916	0.819628176562256	0.9818539784141277	0.14528654693795556	0.9941992711110464	test
2	0.6654411764705883	0.6666666666666666	0.6666666666666666	0.625	0.33210558207753577	0.8419117647058822	0.4900345041918821	0.8436979002357292	val
