	Gini-importance	mcc	balanced_accuracy
bootstrap_support	184547.35811031138	0.7681336880620309	0.7681336880620309
