	Gini-importance	mcc	balanced_accuracy
feature_aLRT_iqtree_support	43268.84784643259	0.4596343648747231	0.4596343648747231
