	Gini-importance	mcc	balanced_accuracy
ignore	0.0	0.0	0.5
feature_aBayes_iqtree_support	2208.423404202407	0.49886284182606894	0.702936419061839
