	balanced_accuracy	accuracy_score	precision	recall	mcc	AUC	logloss	average_precision	dataset
0	0.8656348351388548	0.9243239039132464	0.954977475369952	0.9540209930290323	0.729828305667296	0.9702267627036555	0.1636381120613757	0.994041391804323	training
1	0.8521542865931887	0.9192054159985747	0.9514354831347848	0.9519423978566645	0.7050789192027798	0.9602081394298059	0.18249493252066074	0.9915744342269478	test
2	0.7685185185185186	0.7272727272727273	0.95	0.7037037037037037	0.42391137599839745	0.8333333333333334	0.5669255171877111	0.9628965503432005	val
