	Gini-importance	mcc	balanced_accuracy
bootstrap_support	47877.792474912945	0.461295381282422	0.461295381282422
