	Gini-importance	mcc	balanced_accuracy
ignore	0.0	0.0	0.5
bootstrap_support	843.8719945843607	0.469100715258988	0.705909768829232
